commitment_per_hour,total_savings_dollars,total_unused_commitment_waste,total_consumed_commitment,total_paid_commitment,total_eligible_on_demand_cost,total_covered_on_demand_cost,effective_savings_rate,coverage_rate,average_utilization
0.0,0.0,0.0,0.0,0.0,95350.76545173008,0.0,0.0,0.0,
1.9285640759900002,3895.43232415292,0.0,4258.269479785803,4258.26947978592,95350.76545173008,8153.70180393861,0.040853707945584614,0.08551270422749045,0.9999999999999725
3.0605800000000007,6145.336059882415,0.0,6757.760640000176,6757.760640000001,95350.76545173008,12903.096699882306,0.06444978213618432,0.13532242388147694,1.0000000000000258
3.6250013310240004,7266.673507104917,0.0,8004.002938900676,8004.002938900992,95350.76545173008,15270.676446005718,0.07620991265962687,0.16015263614990352,0.9999999999999605
4.15931683698,8323.792899129956,0.0,9183.771576051835,9183.77157605184,95350.76545173008,17507.564475181716,0.08729655037057624,0.18361220691033323,0.9999999999999994
4.5234080014039995,9034.897779726576,0.0,9987.684867099968,9987.684867100032,95350.76545173008,19022.58264682662,0.09475432878722258,0.19950110055966486,0.9999999999999937
4.862945,9695.093578039996,0.0,10737.382560000231,10737.38256,95350.76545173008,20432.47613803999,0.10167819347971563,0.21428748936875217,1.0000000000000215
5.1813400000000005,10312.254260889196,0.0,11440.39871999961,11440.398720000001,95350.76545173008,21752.652980889186,0.10815072340567232,0.22813296650356882,0.9999999999999658
5.4581453936428765,10846.392222754572,0.0,12051.585029163034,12051.58502916347,95350.76545173008,22897.977251917975,0.11375254484187018,0.2401446610673486,0.9999999999999638
5.690220000000001,11290.821412260631,0.0,12564.00576000058,12564.005760000002,95350.76545173008,23854.82717226072,0.11841353720412914,0.25017971339031225,1.000000000000046
5.892387091665328,11675.069597247457,0.0,13010.390698397394,13010.390698397045,95350.76545173008,24685.460295644498,0.12244337569746924,0.2588910553438729,1.0000000000000269
6.0609824551386255,11993.886263252365,0.0,13382.649260946444,13382.649260946086,95350.76545173008,25376.535524198396,0.12578699506428287,0.26613877092622706,1.0000000000000269
6.19675,12249.930981546604,0.0,13682.423999999324,13682.423999999999,95350.76545173008,25932.35498154655,0.12847228780505124,0.2719679790580645,0.9999999999999507
6.328247521030535,12497.71495594167,0.0,13972.770526435761,13972.770526435423,95350.76545173008,26470.485482377157,0.13107094522768623,0.2776116726171165,1.0000000000000242
6.460344929058605,12746.542522349711,0.0,14264.441603361862,14264.4416033614,95350.76545173008,27010.984125711126,0.13368054741838922,0.2832802022904057,1.0000000000000324
6.5984418966639655,13006.567375690563,0.0,14569.359707833555,14569.359707834035,95350.76545173008,27575.92708352466,0.1364075821947643,0.2892050939799174,0.999999999999967
6.716755101602658,13229.298526340197,0.0,14830.59526433887,14830.595264338668,95350.76545173008,28059.893790678845,0.13874349580378917,0.29428073972708435,1.0000000000000135
6.809772020693146,13404.385994010401,0.0,15035.976621690837,15035.976621690465,95350.76545173008,28440.362615700804,0.14057974186684608,0.2982709418321169,1.0000000000000249
6.896364811521887,13567.359819944973,0.0,15227.17350384095,15227.173503840328,95350.76545173008,28794.53332378526,0.14228894498821038,0.3019853399956403,1.0000000000000409
6.965481214627629,13697.422642766966,0.0,15379.782521897272,15379.782521897805,95350.76545173008,29077.20516466481,0.1436529909107136,0.3049498871551767,0.9999999999999654
7.038628295636938,13835.057223957901,0.0,15541.291276766393,15541.29127676636,95350.76545173008,29376.34850072416,0.1450964463516729,0.30808718064875423,1.000000000000002
7.125650620097994,13998.760625909143,0.0,15733.436569177316,15733.43656917637,95350.76545173008,29732.19719508548,0.1468133009692073,0.31181917684905175,1.0000000000000602
7.202855428995177,14143.943472967982,0.0,15903.904787221774,15903.90478722135,95350.76545173008,30047.848260189203,0.14833591954883826,0.3151295966826872,1.0000000000000266
7.274165535604372,14277.973635907494,0.0,16061.357502613819,16061.357502614454,95350.76545173008,30339.331138521924,0.14974157331894214,0.3181865504150647,0.9999999999999605
7.338090526568909,14398.036193783066,0.0,16202.50388266453,16202.50388266415,95350.76545173008,30600.540076447243,0.15100074053492374,0.3209260033883872,1.0000000000000235
7.404816901249999,14523.206127693233,0.0,16349.835717959519,16349.835717959999,95350.76545173008,30873.04184565331,0.15231347183096702,0.32378389097759613,0.9999999999999706
7.466615176353845,14638.992604979901,0.0,16486.286309389605,16486.286309389292,95350.76545173008,31125.278914369235,0.15352779325500723,0.32642925064011097,1.0000000000000189
7.524462671823117,14747.219807963262,0.0,16614.013579385468,16614.013579385442,95350.76545173008,31361.23338734876,0.15466283608838802,0.32890384506902487,1.0000000000000016
7.5888077196191315,14867.366588372897,0.0,16756.0874449197,16756.08744491904,95350.76545173008,31623.45403329193,0.15592288659601042,0.3316539084240581,1.0000000000000393
7.660997708511062,15001.799839736468,0.0,16915.482940392983,16915.482940392427,95350.76545173008,31917.282780128848,0.157332767793363,0.3347354646700398,1.0000000000000329
7.735486200409793,15140.086523602773,0.0,17079.953530505343,17079.953530504823,95350.76545173008,32220.040054107583,0.158783062221637,0.33791065967287387,1.0000000000000304
7.809515415113441,15277.0817640975,0.0,17243.410036571087,17243.410036570476,95350.76545173008,32520.49180066798,0.16021981251772224,0.3410616752429848,1.0000000000000355
7.8889037623927205,15423.598993156565,0.0,17418.699507362613,17418.699507363126,95350.76545173008,32842.29850051968,0.16175642555239406,0.3444366528672034,0.9999999999999706
7.964222366667336,15562.193939196035,0.0,17585.00298560084,17585.002985601477,95350.76545173008,33147.19692479748,0.1632099529088119,0.34763430338247003,0.9999999999999638
8.032710877100177,15687.769157722809,0.0,17736.22561663692,17736.22561663719,95350.76545173008,33423.994774360035,0.16452693466487703,0.35053724651303864,0.9999999999999846
8.103225403668766,15816.5708747023,0.0,17891.921691301093,17891.921691300635,95350.76545173008,33708.49256600295,0.1658777546228426,0.35352094350063057,1.0000000000000255
8.179491990403868,15955.375854460724,0.0,18060.318314811775,18060.31831481174,95350.76545173008,34015.694169272494,0.16733348472737639,0.3567427488192786,1.000000000000002
8.25568998920808,16093.565583593474,0.0,18228.563496171086,18228.56349617144,95350.76545173008,34322.129079764985,0.1687827623338861,0.35995651337628803,0.9999999999999807
8.331024886382231,16229.642268825392,0.0,18394.902949131203,18394.902949131967,95350.76545173008,34624.545217957304,0.17020987919642247,0.36312813068590905,0.9999999999999585
8.403749135982869,16360.462767169414,0.0,18555.478092250174,18555.478092250174,95350.76545173008,34915.94085941959,0.17158187131126554,0.36618416951351346,1.0
8.48359670341192,16503.53284331826,0.0,18731.78152113421,18731.78152113352,95350.76545173008,35235.3143644518,0.17308233200993994,0.36953362878129337,1.0000000000000369
8.569224345126717,16656.419884163697,0.0,18920.847354039786,18920.84735403979,95350.76545173008,35577.26723820351,0.17468574903675801,0.3731198912735942,0.9999999999999998
8.607772020728445,16725.017916101275,0.0,19005.96062176868,19005.96062176841,95350.76545173008,35730.97853786974,0.17540517726171867,0.3747319527912759,1.0000000000000144
8.67227222993742,16839.482902523137,0.0,19148.377083702795,19148.377083701824,95350.76545173008,35987.859986224954,0.17660563942769686,0.3774260208161966,1.0000000000000506
8.749102120123116,16975.242275174773,0.0,19318.017481232957,19318.01748123184,95350.76545173008,36293.25975640663,0.17802942844510503,0.3806289292431486,1.0000000000000577
8.836418381075566,17128.816091262222,0.0,19510.811785415208,19510.811785414848,95350.76545173008,36639.627876677085,0.17964004809099757,0.38426149704299284,1.0000000000000184
8.97058035885516,17363.42156229048,0.0,19807.041432351845,19807.041432352195,95350.76545173008,37170.46299464268,0.1821004947367775,0.3898286795973303,0.9999999999999823
9.133909355555284,17646.84949880405,0.0,20167.671857066456,20167.671857066067,95350.76545173008,37814.52135587007,0.18507297151943167,0.396583301421037,1.0000000000000193
9.315287281427711,17959.791998523768,0.0,20568.15431739292,20568.154317392386,95350.76545173008,38527.94631591618,0.18835498502228226,0.4040654118861834,1.000000000000026
9.396824276242228,18099.919722002447,0.0,20748.188001942603,20748.18800194284,95350.76545173008,38848.10772394534,0.18982458752431583,0.4074231343597511,0.9999999999999886
9.556549872428503,18373.662124229875,0.0,21100.86211832154,21100.862118322137,95350.76545173008,39474.524242552,0.19269548636745104,0.41399273572203665,0.9999999999999717
9.702811705301714,18623.901006281856,0.0,21423.808245305707,21423.808245306187,95350.76545173008,40047.709251588065,0.19531988986192178,0.42000406668850104,0.9999999999999776
9.860668887557006,18893.608501520142,0.0,21772.356903724947,21772.35690372587,95350.76545173008,40665.96540524592,0.19814847224362087,0.42648808546620914,0.9999999999999576
10.038757648337832,19197.184559060996,0.0,22165.57688752913,22165.576887529933,95350.76545173008,41362.76144659093,0.20133225431503524,0.4337957986035279,0.9999999999999637
10.226081349120346,19515.386846709956,0.0,22579.1876188577,22579.187618857723,95350.76545173008,42094.57446556764,0.20466943033183443,0.4414707555428844,0.999999999999999
10.459596756953273,19910.28667584172,0.0,23094.7896393536,23094.789639352828,95350.76545173008,43005.07631519445,0.20881097893148018,0.45101972817370967,1.0000000000000333
10.72075385153386,20349.55583945446,0.0,23671.42450418586,23671.424504186765,95350.76545173008,44020.98034364129,0.2134178550433989,0.4616741159348769,0.9999999999999617
10.931581924450999,20702.912022590357,0.0,24136.932889188138,24136.932889187807,95350.76545173008,44839.844911778186,0.21712371080094686,0.4702620340733153,1.0000000000000138
11.077916011116997,20947.76925256231,0.0,24460.038552546215,24460.038552546328,95350.76545173008,45407.80780510868,0.2196916737198802,0.47621859761677227,0.9999999999999953
11.25261438578192,21239.855695577393,0.0,24845.77256380695,24845.77256380648,95350.76545173008,46085.62825938375,0.22275495739286705,0.48332730252400463,1.0000000000000189
11.353250410178426,21408.003222037678,0.0,25067.976905674288,25067.976905673964,95350.76545173008,46475.98012771167,0.22451842017854762,0.4874211539627277,1.0000000000000129
11.55710599497148,21748.466939140006,0.0,25518.090036897353,25518.090036897025,95350.76545173008,47266.556976037085,0.22808906500231343,0.4957124020149066,1.0000000000000129
11.800291552587204,22154.363765097896,0.0,26055.04374811194,26055.04374811255,95350.76545173008,48209.407513210324,0.2323459456265531,0.5056006345079173,0.9999999999999767
12.09140314047686,22639.79559497954,0.0,26697.818134172107,26697.818134172907,95350.76545173008,49337.613729152414,0.2374369569842688,0.5174328018806399,0.99999999999997
12.377009421193362,23115.46171901398,0.0,27328.43680199598,27328.436801994943,95350.76545173008,50443.89852100904,0.24242554959578003,0.5290350662842399,1.000000000000038
12.620036445938595,23519.531224651142,0.0,27865.040472633427,27865.04047263242,95350.76545173008,51384.57169728356,0.24666326602860422,0.5389004635027942,1.0000000000000362
12.7921864640955,23805.267443648157,0.0,28245.147712723316,28245.147712722865,95350.76545173008,52050.41515637099,0.24965995113798245,0.545883558561685,1.000000000000016
12.975506609587875,24108.982881143707,0.0,28649.918593971357,28649.918593970026,95350.76545173008,52758.90147511368,0.25284519496960434,0.5533138745679194,1.0000000000000464
13.15238453579732,24401.373331316565,0.0,29040.46505504156,29040.465055040484,95350.76545173008,53441.8383863571,0.2559116669458663,0.5604762387923486,1.000000000000037
13.373917372704398,24766.89218198878,0.0,29529.609558931432,29529.60955893131,95350.76545173008,54296.50174092,0.25974507980774053,0.5694396000250969,1.000000000000004
13.647069770070118,25216.70422430232,0.0,30132.73005231591,30132.730052314822,95350.76545173008,55349.43427661717,0.26446252533827747,0.5804823276918212,1.0000000000000362
13.960644639293216,25732.19088249932,0.0,30825.103363560153,30825.10336355942,95350.76545173008,56557.29424605875,0.2698687394966521,0.5931498711952139,1.0000000000000238
14.054845521080283,25886.87760710842,0.0,31033.098910546363,31033.098910545265,95350.76545173008,56919.976517653704,0.27149103087392906,0.5969535351708173,1.0000000000000353
14.271468141688647,26242.172741922557,0.0,31511.401656847393,31511.40165684853,95350.76545173008,57753.57439877104,0.2752172215671123,0.6056959702962,0.9999999999999639
14.368087938150977,26400.263098718693,0.0,31724.738167436728,31724.738167437357,95350.76545173008,58125.00126615597,0.2768752088527641,0.6095913440315368,0.9999999999999801
14.494349767968082,26606.385764352293,0.0,32003.524287672604,32003.524287673525,95350.76545173008,58609.910052025916,0.2790369394341295,0.614676869916648,0.9999999999999712
14.606087008467785,26788.324614496,0.0,32250.24011469834,32250.24011469687,95350.76545173008,59038.564729192854,0.2809450400065975,0.6191724256170786,1.0000000000000455
14.710979483756997,26958.50957347198,0.0,32481.842700133955,32481.84270013545,95350.76545173008,59440.35227360744,0.28272987055483395,0.6233862097698444,0.9999999999999539
14.82270112638585,27139.33971633158,0.0,32728.524087058544,32728.524087059955,95350.76545173008,59867.86380339146,0.28462634345678606,0.6278697766060272,0.9999999999999569
14.901448509901638,27266.41867142237,0.0,32902.39830986446,32902.398309862816,95350.76545173008,60168.8169812851,0.2859590957895937,0.6310260509837718,1.00000000000005
14.973814064131908,27382.88493898011,0.0,33062.18145360212,33062.181453603254,95350.76545173008,60445.06639258347,0.2871805465771776,0.6339232423171567,0.9999999999999657
15.047161531644196,27500.633580559166,0.0,33224.13266187164,33224.13266187038,95350.76545173008,60724.7662424296,0.28841544638129785,0.6368566204449676,1.000000000000038
15.118114025514211,27614.26619249477,0.0,33380.79576833486,33380.79576833538,95350.76545173008,60995.061960830135,0.2896071789426178,0.6396913718716604,0.9999999999999843
15.178337667789714,27710.48344927479,0.0,33513.76957047887,33513.769570479686,95350.76545173008,61224.25301975461,0.29061626635082244,0.642095034368114,0.9999999999999757
15.236107309080364,27802.568928801662,0.0,33641.32493844837,33641.32493844944,95350.76545173008,61443.89386725108,0.29158202136170897,0.6443985381360797,0.9999999999999682
15.289907706644938,27888.116660847383,0.0,33760.116216270224,33760.11621627202,95350.76545173008,61648.23287711951,0.292479211139268,0.6465415624621075,0.9999999999999468
15.351022016140377,27985.0673339217,0.0,33895.05661163842,33895.05661163795,95350.76545173008,61880.12394555954,0.2934959903189107,0.6489735415588818,1.000000000000014
15.416968549999998,28089.490287973622,0.0,34040.666558398414,34040.66655839999,95350.76545173008,62130.156846373524,0.2945911357386377,0.6515957848060066,0.9999999999999536
15.47466673611079,28180.66286420331,0.0,34168.064153332125,34168.06415333262,95350.76545173008,62348.727017535966,0.2955473165914893,0.6538880597565742,0.9999999999999856
15.52590370833214,28261.45440810226,0.0,34281.195387995765,34281.195387997366,95350.76545173008,62542.64979609952,0.296394625404546,0.6559218428902998,0.9999999999999533
15.577139140858607,28342.063759036708,0.0,34394.32322301653,34394.3232230158,95350.76545173008,62736.38698205249,0.29724002345198225,0.6579536796043013,1.000000000000021
15.631769753432515,28427.791704312487,0.0,34514.947615578574,34514.947615578996,95350.76545173008,62942.739319891465,0.29813910323251297,0.660117818894231,0.9999999999999878
15.688792619444715,28517.08403164511,0.0,34640.854103732716,34640.85410373393,95350.76545173008,63157.938135379,0.29907556480059366,0.6623747364393396,0.9999999999999649
15.748230522223365,28609.96737466606,0.0,34772.09299306772,34772.092993069185,95350.76545173008,63382.060367735285,0.3000496874789058,0.6647252391468375,0.9999999999999579
15.798966736110788,28689.081529280265,0.0,34884.118553332526,34884.11855333262,95350.76545173008,63573.20008261296,0.30087940451619855,0.6667298346419248,0.9999999999999973
15.84734697956238,28764.353767881476,0.0,34990.9421308726,34990.94213087374,95350.76545173008,63755.29589875523,0.3016688291028246,0.6686395814098671,0.9999999999999676
15.893349745555504,28835.75427135571,0.0,35092.51623818647,35092.51623818655,95350.76545173008,63928.2705095422,0.30241764850805924,0.6704536686903152,0.9999999999999977
15.948593820656352,28921.311103965894,0.0,35214.49515600899,35214.49515600922,95350.76545173008,64135.80625997523,0.30331493372863255,0.6726302191296307,0.9999999999999933
16.0053011099683,29008.964021284417,0.0,35339.70485081113,35339.704850810005,95350.76545173008,64348.66887209434,0.30423420183207417,0.6748626355251433,1.000000000000032
16.0644172494,29100.14399408807,0.0,35470.23328667427,35470.233286675204,95350.76545173008,64570.377280763445,0.30519046025718155,0.67718782303275,0.9999999999999738
16.1208815415622,29187.02931801402,0.0,35594.90644377,35594.90644376933,95350.76545173008,64781.93576178333,0.3061016781536958,0.6794065622323529,1.0000000000000189
16.173680578253865,29268.064608329056,0.0,35711.48671678368,35711.48671678454,95350.76545173008,64979.55132511359,0.3069515432799077,0.6814790737889622,0.9999999999999759
16.23301243540201,29358.868276993242,0.0,35842.491457366945,35842.491457367636,95350.76545173008,65201.35973436085,0.3079038551804362,0.683805310061911,0.9999999999999807
16.30165948487991,29463.619276885653,0.0,35994.06414261637,35994.06414261484,95350.76545173008,65457.683419500514,0.30900244101135377,0.6864935284933554,1.0000000000000424
16.37747620616233,29578.989211161825,0.0,36161.46746320676,36161.46746320643,95350.76545173008,65740.4566743683,0.31021239390192157,0.6894591392415033,1.0000000000000093
16.43914531377849,29672.549016314635,0.0,36297.63285282395,36297.632852822906,95350.76545173008,65970.18186913745,0.3111936110396085,0.691868403537189,1.0000000000000286
16.506413630555507,29774.266564266865,0.0,36446.161296267295,36446.16129626656,95350.76545173008,66220.42786053344,0.3122603832618381,0.6944928815915647,1.0000000000000202
16.58733060651225,29896.29203260016,0.0,36624.82597917759,36624.82597917905,95350.76545173008,66521.11801177928,0.31354013668337793,0.6976463974529351,0.9999999999999603
16.677975302873364,30032.64100542204,0.0,36824.9694687462,36824.969468744384,95350.76545173008,66857.61047416643,0.31497010918727886,0.7011753933743942,1.0000000000000493
16.7830072836805,30190.257710766473,0.0,37056.88008236653,37056.880082366544,95350.76545173008,67247.1377931332,0.31662312900938216,0.7052605972751846,0.9999999999999996
16.88141428535714,30337.572212069015,0.0,37274.162742070715,37274.16274206856,95350.76545173008,67611.73495413756,0.3181681035106841,0.7090843438311463,1.0000000000000577
16.995398746896075,30507.899773885587,0.0,37525.840433145495,37525.840433146535,95350.76545173008,68033.74020703204,0.319954429619443,0.7135101630775383,0.9999999999999722
17.130377152691608,30709.35504001926,0.0,37823.87275314305,37823.87275314307,95350.76545173008,68533.22779316243,0.3220672104154782,0.7187485854831062,0.9999999999999994
17.206917652564997,30823.507042045283,0.0,37992.874176863406,37992.874176863515,95350.76545173008,68816.38121890886,0.32326439012856406,0.7217181833086189,0.9999999999999971
17.28405601254495,30938.49830297347,0.0,38163.19567569908,38163.19567569925,95350.76545173008,69101.6939786728,0.32447037164725884,0.7247104273499987,0.9999999999999954
17.384644275830293,31088.369745716853,0.0,38385.29456103193,38385.29456103329,95350.76545173008,69473.66430674997,0.3260421623091729,0.7286115006797715,0.9999999999999646
17.469016497776632,31214.007757422583,0.0,38571.588427091665,38571.58842709081,95350.76545173008,69785.5961845135,0.3273598026145287,0.731882915191084,1.0000000000000222
17.54913873570022,31333.22216181791,0.0,38748.49832842644,38748.49832842609,95350.76545173008,70081.72049024423,0.3286100747421885,0.7349885463239628,1.000000000000009
17.634983958222325,31460.82595657637,0.0,38938.044579755144,38938.0445797549,95350.76545173008,70398.87053633132,0.32994833137970925,0.7383146868597474,1.0000000000000064
17.718524410071712,31584.859489253555,0.0,39122.50189743823,39122.50189743834,95350.76545173008,70707.3613866919,0.3312491445623782,0.7415500132768883,0.9999999999999972
17.79207955929006,31693.93942592116,0.0,39284.91166691249,39284.91166691245,95350.76545173008,70978.85109283378,0.33239313051939523,0.744397286760805,1.000000000000001
17.874197782757765,31815.55746935362,0.0,39466.228704331195,39466.22870432914,95350.76545173008,71281.7861736828,0.33366861103448375,0.7475743465296895,1.000000000000052
17.95973382870052,31942.081666423503,0.0,39655.09229377133,39655.09229377075,95350.76545173008,71597.1739601943,0.3349955452910728,0.75088200520466,1.0000000000000147
18.057181961300568,32086.055719045173,0.0,39870.25777055229,39870.25777055165,95350.76545173008,71956.31348959678,0.33650548652688334,0.7546485143427989,1.000000000000016
18.151728728147294,32225.60721841653,0.0,40079.017031747535,40079.01703174922,95350.76545173008,72304.62425016573,0.3379690458251252,0.7583014557630255,0.9999999999999579
18.246543800040865,32365.44000938131,0.0,40288.368710490926,40288.36871049023,95350.76545173008,72653.80871987154,0.3394355551950533,0.7619635602888941,1.0000000000000173
18.363815223233704,32538.26449336144,0.0,40547.30401289941,40547.30401290002,95350.76545173008,73085.5685062616,0.3412480680066848,0.7664916811104163,0.9999999999999849
18.443958938096785,32656.336418282917,0.0,40724.26133531837,40724.2613353177,95350.76545173008,73380.59775360067,0.34248635827485524,0.7695858277168054,1.0000000000000164
18.519972765522215,32768.302237425356,0.0,40892.09986627312,40892.09986627305,95350.76545173008,73660.40210369842,0.34366061019209987,0.7725203018007014,1.0000000000000018
18.656333958653395,32969.11054690745,0.0,41193.185380705654,41193.185380706695,95350.76545173008,74162.29592761418,0.34576660597022235,0.7777839598483113,0.9999999999999747
18.786652486184902,33161.004833499486,0.0,41480.92868949581,41480.928689496264,95350.76545173008,74641.93352299568,0.3477791151061787,0.7828142036340763,0.9999999999999891
18.935222673080037,33379.75833856273,0.0,41808.97166216016,41808.97166216072,95350.76545173008,75188.7300007235,0.35007331278804193,0.7885487824299291,0.9999999999999866
19.094392102649554,33614.114684934786,0.0,42160.41776264865,42160.41776265021,95350.76545173008,75774.5324475852,0.3525311467158744,0.7946924399463257,0.9999999999999629
19.253562895929125,33848.46414168792,0.0,42511.866874213025,42511.86687421151,95350.76545173008,76360.33101589943,0.3549889083881891,0.8008360567860959,1.0000000000000355
19.387361608874237,34045.45081830374,0.0,42807.29443239547,42807.294432394316,95350.76545173008,76852.74525069796,0.3570548244370282,0.8060002967632549,1.000000000000027
19.527519904644073,34251.793312481386,0.0,43116.76394945494,43116.763949454114,95350.76545173008,77368.55726193574,0.3592188604906465,0.8114099230918332,1.000000000000019
19.64936582174522,34431.17221157174,0.0,43385.79973441223,43385.79973441345,95350.76545173008,77816.97194598537,0.36110011333891195,0.8161127136979205,0.9999999999999718
19.768979434174923,34607.248728794206,0.0,43649.90659065635,43649.90659065823,95350.76545173008,78257.15531945259,0.36294673215091927,0.8207291776705151,0.9999999999999568
19.879468468465813,34769.89225556564,0.0,43893.86637837381,43893.86637837251,95350.76545173008,78663.75863393831,0.3646524712291626,0.8249934676587434,1.0000000000000295
19.97692511957753,34913.35140303379,0.0,44109.050664024755,44109.050664027185,95350.76545173008,79022.40206706098,0.3661570123493991,0.8287547739411164,0.9999999999999449
20.067600962062123,35046.82624317126,0.0,44309.26292423498,44309.26292423317,95350.76545173008,79356.0891674046,0.3675568421200897,0.8322543483678424,1.0000000000000409
20.16081581224448,35184.0385026397,0.0,44515.08131343694,44515.08131343581,95350.76545173008,79699.11981607553,0.3689958684227983,0.8358519141246121,1.0000000000000253
20.259318878281615,35329.03501584617,0.0,44732.57608324711,44732.5760832458,95350.76545173008,80061.61109909203,0.37051653280886326,0.8396535750897777,1.0000000000000293
20.344014341208236,35453.706737273846,0.0,44919.583665387494,44919.583665387785,95350.76545173008,80373.29040266144,0.3718240390552686,0.8429223407057936,0.9999999999999936
20.42006700541495,35565.65544071782,0.0,45087.507947955346,45087.50794795621,95350.76545173008,80653.16338867434,0.37299811147003753,0.8458575346152183,0.9999999999999808
20.50789144351611,35694.92951676988,0.0,45281.4243072812,45281.424307283574,95350.76545173008,80976.35382405354,0.3743538853376055,0.8492470242941744,0.9999999999999476
20.578260815130122,35798.50828488375,0.0,45436.79987980638,45436.79987980731,95350.76545173008,81235.30816469109,0.37544017727897755,0.8519628319692437,0.9999999999999795
20.63636021688751,35884.02368147318,0.0,45565.0833588853,45565.08335888763,95350.76545173008,81449.10704036057,0.37633702793543844,0.854205067515614,0.9999999999999489
20.71608241149489,36001.35770313313,0.0,45741.10996458225,45741.10996458072,95350.76545173008,81742.4676677139,0.3775675793746856,0.8572817143150762,1.0000000000000333
20.788515687835208,36107.95450200841,0.0,45901.04263873949,45901.04263874014,95350.76545173008,82008.99714074862,0.3786855231937024,0.8600769668940357,0.9999999999999859
20.859186219745432,36211.9468016601,0.0,46057.08317319723,46057.08317319791,95350.76545173008,82269.0299748579,0.37977615208544774,0.8628040853694602,0.9999999999999851
20.927424605224985,36312.34001913968,0.0,46207.75352833623,46207.75352833677,95350.76545173008,82520.09354747635,0.3808290352689645,0.8654371378827675,0.9999999999999883
20.99864402663877,36417.069419560234,0.0,46365.00601081798,46365.00601081841,95350.76545173008,82782.07543037886,0.3819273945734168,0.8681846971882576,0.9999999999999908
21.068139815130117,36519.16193615313,0.0,46518.45271180739,46518.452711807295,95350.76545173008,83037.61464796045,0.38299809931405754,0.8708646884433981,1.000000000000002
21.119133219663727,36594.00049302499,0.0,46631.046149016685,46631.04614901751,95350.76545173008,83225.04664204245,0.38378297562330704,0.872830398872612,0.9999999999999823
21.19704556477517,36708.182200610805,0.0,46803.07660702359,46803.07660702358,95350.76545173008,83511.25880763472,0.3849804668762075,0.8758320755160698,1.0000000000000002
21.273347934411966,36819.7121331502,0.0,46971.55223918105,46971.55223918162,95350.76545173008,83791.26437233177,0.38615014739225806,0.8787686598567461,0.9999999999999879
21.33811539250374,36914.02086127653,0.0,47114.55878664599,47114.55878664826,95350.76545173008,84028.57964792462,0.38713921892912023,0.8812575258293321,0.9999999999999518
21.43251407168621,37050.77175108866,0.0,47322.991070281154,47322.991070283155,95350.76545173008,84373.762821372,0.38857340657474915,0.8848776663894217,0.9999999999999577
21.50643698548525,37156.94492803377,0.0,47486.21286395253,47486.212863951434,95350.76545173008,84643.15779198534,0.3896869076194666,0.8877029711401183,1.000000000000023
21.578207390653464,37258.756526398625,0.0,47644.681918561124,47644.68191856285,95350.76545173008,84903.4384449617,0.39075466620412524,0.8904326886389058,0.9999999999999638
21.649732655672018,37358.52527301563,0.06506005969013628,47802.54464366284,47802.609703723814,95350.76545173008,85161.13497673968,0.39180100019152786,0.8931353049268518,0.9999986389851647
21.718529988548998,37452.652435551696,0.1428215586655206,47954.37139315597,47954.51421471619,95350.76545173008,85407.16665026764,0.39278816754241525,0.895715584931552,0.9999970217285575
21.794092782962505,37553.81345606562,0.38109444902155687,48120.9757703317,48121.35686478121,95350.76545173008,85675.17032084709,0.39384910313149696,0.8985262982940486,0.9999920805547818
21.860368619711625,37640.29740006369,0.7874821767663107,48266.9064301458,48267.693912323266,95350.76545173008,85907.99131238704,0.3947561115187747,0.9009680300456181,0.9999836851087417
21.924059594558926,37721.24508584814,1.3083415853050262,48407.015243201684,48408.32358478611,95350.76545173008,86129.56867063434,0.39560505788434347,0.9032918431497664,0.9999729727970825
21.988133648020934,37800.447307981514,2.096392149219394,48547.7027026789,48549.799094830225,95350.76545173008,86350.24640281194,0.39643569853791505,0.9056062213420351,0.9999568197564066
22.04772131923662,37872.04839217489,3.0229669114136755,48678.345705961205,48681.36867287445,95350.76545173008,86553.41706504911,0.39718662155205303,0.9077369925138724,0.9999379030007648
22.10753662196723,37941.69754905302,4.491153908973821,48808.94970739352,48813.44086130364,95350.76545173008,86755.13841035668,0.39791707354735856,0.9098525638399325,0.9999079934986987
22.16178458352527,38002.56279872138,6.567452260348819,48926.65290816447,48933.2203604238,95350.76545173008,86935.78315914545,0.39855540350076807,0.9117470924043646,0.9998657874505099
22.21519000193223,38060.224796428345,9.341791558005262,49041.797732706444,49051.13952426636,95350.76545173008,87111.36432069451,0.3991601390520118,0.9135885161277846,0.9998095499584614
22.257149142119708,38103.81461075149,12.23380591918998,49131.55149987975,49143.78530580032,95350.76545173008,87247.59991655174,0.39961729127430007,0.9150172995802488,0.9997510609765927
22.308133175767964,38154.69128370978,16.75983711609923,49239.59821498129,49256.35805209566,95350.76545173008,87411.04933580563,0.4001508651026512,0.9167314905306784,0.9996597426651673
22.35942451084994,38203.64965915474,22.40898550696631,49347.20033444852,49369.60931995667,95350.76545173008,87573.25897911153,0.40066432060783796,0.9184326792158182,0.9995460975726399
22.402673559411426,38243.45358392482,27.73034456045837,49437.37287461887,49465.103219180426,95350.76545173008,87708.55680310506,0.40108176796215655,0.9198516276988487,0.9994393958011433
22.44771758174226,38283.293736967884,33.95660199283793,49530.60381849494,49564.56042048691,95350.76545173008,87847.85415745465,0.4014995952638496,0.9213125216275934,0.9993149015808092
22.48978775686803,38318.55110570995,40.727454464113165,49616.72391269957,49657.451367164605,95350.76545173008,87976.00247287474,0.4018693601899625,0.9226564889760773,0.9991798319618963
22.52457440743236,38346.32863271725,47.04012219575404,49687.2201694155,49734.260291610655,95350.76545173008,88080.58892432804,0.40216067958184887,0.9237533490899718,0.9990541706678788
22.559593670397316,38372.75678797894,54.17070412099464,49757.41212011679,49811.58282423727,95350.76545173008,88184.33961221631,0.4024378473123489,0.9248414440559298,0.9989124877980362
22.592528735251413,38395.99021340326,61.76481370107527,49822.53863373354,49884.30344743512,95350.76545173008,88280.29366083845,0.40268151001724956,0.9258477710441564,0.9987618387061038
22.63040115611348,38420.88854255015,71.54772600031156,49896.3780267002,49967.92575269856,95350.76545173008,88388.81429524883,0.40294263355442234,0.9269858912668547,0.9985681269550298
22.667508646730603,38443.66814881868,81.95935143852866,49967.8997405414,50049.85909198117,95350.76545173008,88493.52724079978,0.40318153678881813,0.9280840779993352,0.9983624459104041
22.70410520162032,38464.64899594885,92.90236914956947,50037.76191602937,50130.66428517766,95350.76545173008,88595.31328112635,0.40340157536984866,0.9291515685416959,0.9981467955696777
22.74169590048727,38484.41667586204,105.14944320523946,50108.5151050694,50213.66454827589,95350.76545173008,88698.08122413779,0.4036088907471247,0.930229356879572,0.9979059595798788
22.77536346156144,38500.560602737205,116.95875365073591,50171.0437694757,50288.00252312766,95350.76545173008,88788.56312586475,0.40377820167817685,0.9311782942194905,0.9976742215283224
22.811513345119664,38516.292775981456,130.50757387671027,50237.313892148944,50367.821466024216,95350.76545173008,88884.11424200574,0.4039431943048193,0.9321803954159341,0.9974089096951849
22.844965717564335,38529.363974071755,143.85516655835227,50297.8291378257,50441.684304382055,95350.76545173008,88971.04827845388,0.40408027970763044,0.9330921241895447,0.9971480895505335
22.87781016748423,38540.71223452696,157.83123807547423,50356.373611728595,50514.20484980518,95350.76545173008,89054.91708433194,0.40419929564212703,0.9339717060731377,0.99687550781912
22.913943083060037,38551.255472426026,174.3887713787646,50419.59755601776,50593.98632739656,95350.76545173008,89145.24179982259,0.4043098688278704,0.934918994907818,0.9965531719471497
22.948246936939434,38559.961820269804,190.8071731949101,50478.922063567625,50669.72923676227,95350.76545173008,89229.69105703196,0.4044011774587191,0.9358046643286065,0.9962342965697908
22.984794507631733,38567.510861803574,209.2830425243714,50541.143230327805,50750.42627285087,95350.76545173008,89317.93713465438,0.4044803487322585,0.9367301532557729,0.995876230843897
23.019406537051786,38573.195696862786,227.68130448928574,50599.168329321976,50826.84963381034,95350.76545173008,89400.04533067289,0.4045399689674216,0.9375912705801018,0.9955204521600546
23.052934962151262,38577.296385347516,246.30709153626375,50654.57330489289,50900.88039642999,95350.76545173008,89478.17678177751,0.4045829753183964,0.9384106814231556,0.9951610445709624
23.087848541340307,38580.10290393615,266.5893241110812,50711.3802551693,50977.9695792794,95350.76545173008,89558.07248321547,0.40461240894250355,0.9392485950052799,0.9947704993684476
23.124450182249255,38581.663414534836,288.76340653454344,50770.02259587185,51058.786002406356,95350.76545173008,89640.44941694128,0.40462877494220256,0.9401125307412496,0.9943444913374773
23.16206141682194,38581.633064625996,312.7614086042564,50829.07019973743,51141.831608342836,95350.76545173008,89723.4646729687,0.4046284566447175,0.9409831609415854,0.9938844308314841
23.199334849302748,38580.23302114288,337.53638781383154,50886.594959447255,51224.13134726047,95350.76545173008,89804.36436840324,0.4046137735587823,0.9418316040039068,0.9934105981119529
23.23899374331618,38577.2593318419,364.98776946170295,50946.71041578052,51311.69818524212,95350.76545173008,89888.95751708392,0.4045825867163182,0.9427187824998519,0.9928868507110417
23.275947321884598,38572.95529976236,391.7258996467207,51001.56578707317,51393.29168672119,95350.76545173008,89966.24698648351,0.40453744778052514,0.943529362981649,0.99237787876994
23.310240497330536,38567.68473669612,417.4591664361258,51051.55185166968,51469.011018105826,95350.76545173008,90036.69575480187,0.4044821722613275,0.9442682009761276,0.991889116223949
23.34151702183758,38561.72588435948,441.8026594243821,51096.26692479161,51538.06958421737,95350.76545173008,90099.79546857676,0.4044196782445421,0.9449299650791839,0.9914276443997613
23.372022599575374,38554.81256383017,466.45266586844724,51138.973233994926,51605.42589986243,95350.76545173008,90160.23846369245,0.4043471741540237,0.9455638665987924,0.9909611701146963
23.40607814700581,38545.528618787605,495.3310876389259,51185.28946094956,51680.62054858883,95350.76545173008,90226.14916737647,0.4042498079189591,0.9462551112193444,0.9904155352164634
23.449764856364535,38531.73234841082,533.9306550838937,51243.15014776776,51777.08080285289,95350.76545173008,90308.81315126362,0.40410511825326606,0.9471220574205156,0.9896878957483498
23.485478537861717,38519.0280090274,566.721501684159,51289.2151099155,51855.93661159867,95350.76545173008,90374.96462062589,0.4039718803151831,0.9478158270934582,0.989071231980093
23.527242097281633,38502.72493990128,606.2363023541415,51341.91424844511,51948.15055079784,95350.76545173008,90450.87549069908,0.4038009003650077,0.9486119493869034,0.9883299733306208
23.569337054969516,38484.663665777596,647.4260952848591,51393.670122088704,52041.096217372695,95350.76545173008,90525.7598831502,0.4036114810767816,0.9493973064010433,0.9875593301766794
23.612805337652283,38464.1507037585,691.4896169838975,51445.58456855257,52137.07418553624,95350.76545173008,90601.22488929464,0.4033963494842672,0.9501887526551653,0.9867370843533927
23.659128912709523,38440.700006642684,739.7104863402461,51499.64615292291,52239.35663926262,95350.76545173008,90680.05664590518,0.40315040812234193,0.9510155080171917,0.9858399770991102
23.709428803388644,38412.94467046546,794.0122737230402,51556.40652415992,52350.41879788213,95350.76545173008,90763.36346834763,0.402859321458845,0.9518891960473588,0.984832742660803
23.760254779431662,38383.077027335625,850.2890598500954,51612.3534931343,52462.64255298511,95350.76545173008,90845.71958032073,0.4025460817801876,0.952752913413265,0.9837924851194437
23.80862652088411,38352.759255042096,905.4012200003768,51664.04613811173,52569.44735811212,95350.76545173008,90922.20661315415,0.4022281213301598,0.9535550782671186,0.9827770451183814
23.85992077649052,38318.42505590601,965.5972322445963,51717.10784224688,52682.70507449107,95350.76545173008,91001.13013039702,0.40186803823094785,0.9543827959772908,0.9816714568684566
23.931778413695667,38267.11572674866,1052.6084304296878,51788.758307009964,52841.36673744003,95350.76545173008,91108.48246418854,0.40132992688056424,0.9555086635388456,0.9800798409386285
24.011959363918745,38206.71987254357,1152.197344277306,51866.2089312546,53018.40627553259,95350.76545173008,91225.12614807607,0.4006965197556296,0.9567319749966501,0.9782679747427694
24.103017955384324,38134.515215281295,1268.1319313875238,51951.331714101754,53219.463645488584,95350.76545173008,91353.97886076986,0.39993926671292773,0.958083329776901,0.976171651412456
24.19421086148852,38058.864422052524,1386.8236121789942,52033.99396998843,53420.81758216665,95350.76545173008,91479.68200421911,0.3991458719995202,0.9594016531574605,0.9740396408189532
24.289485959867218,37976.209676204475,1513.5784367370109,52117.60656264998,53631.184999386816,95350.76545173008,91607.39467559126,0.39827902268314114,0.9607410516485696,0.9717780161532111
24.400838372156038,37875.78922516214,1664.3177825693429,52212.73334315209,53877.05112572053,95350.76545173008,91752.84035088272,0.397225853885108,0.9622664266636772,0.969108966660317
24.52560934819912,37758.255452422665,1836.4867835282596,52316.058657296126,54152.545440823655,95350.76545173008,91910.80089324625,0.39599320753788,0.963923052508422,0.9660867874524127
24.64929425818824,37636.69004882989,2010.0770200832428,52415.56470199736,54425.641722079636,95350.76545173008,92062.33177090943,0.39471827908799445,0.9655122466480316,0.9630674631206633
24.80382522119242,37478.441902122795,2230.5729360353494,52536.27315235724,54766.846088392864,95350.76545173008,92245.2879905155,0.39305863696601057,0.967431016977135,0.9592714736131506
24.98743711254561,37281.87139001416,2496.4845658707463,52675.776578630415,55172.261144500706,95350.76545173008,92454.13253451466,0.3909970854810553,0.9696212935104145,0.9547510920509168
25.183581308500415,37062.864383404,2782.963233890713,52822.384295277974,55605.34752916892,95350.76545173008,92668.21191257283,0.3887002291781971,0.9718664708516132,0.9499515180184589
25.397332989923783,36816.08943982047,3097.7734870744657,52979.537754677214,56077.31124175171,95350.76545173008,92893.40068157215,0.38611215405982313,0.9742281589611157,0.9447588798664069
25.5949995760794,36579.998763384,3392.2623669832506,53121.496697000635,56513.759063983314,95350.76545173008,93093.75782736727,0.3836361311845166,0.9763294231182088,0.9399745756932917
25.810426988716646,36314.63246454809,3717.297755465947,53272.12503562075,56989.422791086356,95350.76545173008,93304.0552556344,0.3808530775028947,0.9785349369100577,0.9347721458928863
26.05930152347244,35998.61789313027,4097.254691892157,53441.683071934705,57538.93776382715,95350.76545173008,93537.55565695741,0.3775388453630615,0.9809837940347675,0.9287916174485193
26.267221921410528,35727.541281612524,4418.25971971579,53579.76628275823,57998.02600247444,95350.76545173008,93725.56728408682,0.37469590424734517,0.9829555834193487,0.923820515554655
26.467560555611573,35460.0113855334,4730.699017838063,53709.674688952204,58440.37370679036,95350.76545173008,93900.38509232372,0.371890159638881,0.9847890014040779,0.9190508424608435
26.6428664130279,35220.274096774156,5006.30280223205,53821.14623773399,58827.4490399656,95350.76545173008,94047.72313673956,0.36937589257848064,0.9863342228159651,0.9148985229865998
26.795180271756177,35006.5606714297,5247.381934303476,53916.376105734205,59163.75804003764,95350.76545173008,94170.3187114673,0.36713455320032284,0.9876199552812153,0.9113074945179717
26.94623890496611,34788.434788961495,5489.102786710928,54008.1927154542,59497.295502165165,95350.76545173008,94285.73029112653,0.36484693776866034,0.9888303449316019,0.9077419781793071
27.06409535652923,34613.42156421625,5679.7733991034465,54077.74914811369,59757.52254721654,95350.76545173008,94370.9441114326,0.36301147033516773,0.9897240327788087,0.9049529974303225
27.19390956887746,34414.67323939425,5892.907984328725,54151.24434375281,60044.15232808143,95350.76545173008,94458.8255674756,0.360927078837308,0.9906456977033287,0.9018570875623366
27.328179455787197,34202.94373754701,6117.067158195457,54223.55308018258,60340.62023837813,95350.76545173008,94543.5639759251,0.3587065460409098,0.9915343996245777,0.8986243904350035
27.457823631319187,33992.32423962688,6337.726799644404,54289.147778308536,60626.87457795277,95350.76545173008,94619.19881757954,0.3564976545136913,0.9923276270443693,0.8954634088634189
27.5779226848282,33791.828957909274,6545.913397311814,54346.13989078921,60892.053288100666,95350.76545173008,94683.88224600987,0.35439494164329377,0.9930060005018229,0.8924997098333907
27.73013968442269,33530.57118366603,6815.657891381529,54412.49053182377,61228.1484232053,95350.76545173008,94758.71960687134,0.3516549764945556,0.9937908642678023,0.888684239734442
27.888584490469693,33251.97067003801,7101.997364027478,54475.997190929666,61577.994554957084,95350.76545173008,94829.96522499504,0.34873312775733645,0.9945380592985519,0.8846666343170849
28.057759630128388,32947.446660975525,7413.961280321067,54537.57198300273,61951.53326332348,95350.76545173008,94898.97992429895,0.3455394039563813,0.9952618573611783,0.8803264279383064
28.257766674245584,32580.323044675024,7789.173632045793,54603.97518468867,62393.14881673425,95350.76545173008,94973.47186140918,0.34168916096607876,0.9960430984635158,0.8751597927053736
28.489215555824575,32149.065043977178,8229.067315744782,54675.12063151617,62904.18794726066,95350.76545173008,95053.25299123776,0.3371663026685629,0.996879810465256,0.8691809308047375
28.708354866878523,31735.468690760586,8649.808635399822,54738.23891066791,63388.04754606778,95350.76545173008,95123.51623682829,0.3328286725377805,0.9976167027729124,0.8635419614539548
28.923500449366053,31323.221155315718,9068.04926627541,54795.039725925024,63863.088992200246,95350.76545173008,95186.31014751588,0.328505188258532,0.9982752597377159,0.8580079759783821
29.085674452315885,31007.157928254,9387.820420765038,54833.34876994839,64221.169190713474,95350.76545173008,95228.32711896733,0.3251904458381188,0.9987159166244477,0.8538204685609713
29.23354151070898,30713.175374811864,9684.536492513167,54863.12316313222,64547.65965564543,95350.76545173008,95260.83503045722,0.32210727653109356,0.9990568463625141,0.8499630111427876
29.397504461819604,30379.927743748864,10020.046400804997,54889.643450892814,64909.68985169769,95350.76545173008,95289.61759544649,0.3186123110792252,0.999358706183491,0.8456309616684634
29.584946566981372,29989.660266895917,10412.065161370601,54911.49685852437,65323.56201989487,95350.76545173008,95313.22228679073,0.31451934470392623,0.9996062625741755,0.84060781685176
29.798378390244512,29534.675109187803,10868.14828052369,54926.67120513628,65794.81948565989,95350.76545173008,95329.4945948476,0.30974764564569013,0.9997769199147829,0.8348175682297853
31.196036663108053,26469.916499587554,13934.45448501437,54946.3944671283,68880.84895214258,95350.76545173008,95350.76545173007,0.27760570535731627,0.9999999999999999,0.7977020507587568
